collection_slug,identifier,event_type,order_hash,chain,protocol_address,closing_date,closing_date_iso,quantity,seller,buyer,payment_quantity,payment_token,payment_decimals,payment_symbol,payment_symbol_amount,transaction_hash,event_timestamp,event_timestamp_iso
pudgypenguins,152,sale,,ethereum,,1742489675,2025-03-20T16:54:35+00:00Z,1,0x29469395eaf6f95920e59f858042f0e28d98a20b,0x1ea27bce786a81022dfc156059771e8d3279a9a6,9660000000000000000,0xc02aaa39b223fe8d0a0e5c4f27ead9083c756cc2,18,WETH,9.66,0xd1943a65d9b431e5afa0454cfeea4b462c975f89ad9c245018bd72964cbb4531,1742489675,2025-03-20 16:54:35+00:00
pudgypenguins,537,sale,,ethereum,,1741011791,2025-03-03T14:23:11+00:00Z,1,0x516d8741f7a3ccf96f2c2e6516805913741beec3,0x8634059340b73ae0455dfbe6bf4c7eb127aa8492,10060000000000000000,0x0000000000000000000000000000000000000000,18,ETH,10.06,0x055c65e0fe6e6d463e277568a37f807530d906b6308b6aea325534fc1732aa7a,1741011791,2025-03-03 14:23:11+00:00
pudgypenguins,537,sale,,ethereum,,1741004015,2025-03-03T12:13:35+00:00Z,1,0x29469395eaf6f95920e59f858042f0e28d98a20b,0x516d8741f7a3ccf96f2c2e6516805913741beec3,9860000000000000000,0xc02aaa39b223fe8d0a0e5c4f27ead9083c756cc2,18,WETH,9.86,0x1ff4d39bb81411404740e661c02cc9cb020e3710f9b242a031aa439425732c22,1741004015,2025-03-03 12:13:35+00:00
pudgypenguins,537,sale,,ethereum,,1740936887,2025-03-02T17:34:47+00:00Z,1,0xb34fcf951a78b05f11f372399f69c27b8c12a7b9,0x29469395eaf6f95920e59f858042f0e28d98a20b,9598800000000000000,0x0000000000000000000000000000000000000000,18,ETH,9.5988,0x2c540d2eef6d3447afc65519acce1bf0772e80e9792b8e63975281544514cc1f,1740936887,2025-03-02 17:34:47+00:00
pudgypenguins,583,sale,,ethereum,,1742530679,2025-03-21T04:17:59+00:00Z,1,0x29469395eaf6f95920e59f858042f0e28d98a20b,0xd43dfa9024096b0224adf6859e22fbc35ea2b21f,9480000000000000000,0xc02aaa39b223fe8d0a0e5c4f27ead9083c756cc2,18,WETH,9.48,0x7fa09bf41d251c8bd09a063538e5c951efa89c790dc75a1bc9f8123304c2b3e6,1742530679,2025-03-21 04:17:59+00:00
pudgypenguins,583,sale,,ethereum,,1742201411,2025-03-17T08:50:11+00:00Z,1,0x7b9c3a3bce44e4d29a95a36198ebd7bda8e239e7,0xa1c6b7d556bb56408bb3991d29a5e574e10dfe48,8730000000000000000,0xc02aaa39b223fe8d0a0e5c4f27ead9083c756cc2,18,WETH,8.73,0x78662fe602a909dc91884b6c51ee9a5736265dc4a8f74cd0feacde85ded9f7f1,1742201411,2025-03-17 08:50:11+00:00
pudgypenguins,583,sale,,ethereum,,1741699115,2025-03-11T13:18:35+00:00Z,1,0xabd0ba73f819a96cc9578ffbed621f890fb77208,0x7b9c3a3bce44e4d29a95a36198ebd7bda8e239e7,8788999990000000000,0x0000000000000000000000000000000000000000,18,ETH,8.78899999,0x9bb59f83c6784b646f28a921ca65e8b8254fe07a531d92e822cced179aa6194d,1741699115,2025-03-11 13:18:35+00:00
pudgypenguins,583,sale,0x4178b2734a78acddae4f5847db99512deb539cc318c2ca6147c6de36ec0b4be5,ethereum,0x0000000000000068f116a894984e2db1123eb395,1741633391,2025-03-10T19:03:11+00:00Z,1,0xe871af6576396c553e16c2e3a9fa130d36798cfa,0xabd0ba73f819a96cc9578ffbed621f890fb77208,8790000000000000000,0xc02aaa39b223fe8d0a0e5c4f27ead9083c756cc2,18,WETH,8.79,0x75c68ba2779b7bbc2b831c292d06d586e1295ef7213b5876e3f4023b1f183672,1741633391,2025-03-10 19:03:11+00:00
pudgypenguins,787,sale,,ethereum,,1743167447,2025-03-28T13:10:47+00:00Z,1,0x29469395eaf6f95920e59f858042f0e28d98a20b,0x8a7d2a5fa5912e6feef47c8184d4e4ff56681f0c,9690000000000000000,0xc02aaa39b223fe8d0a0e5c4f27ead9083c756cc2,18,WETH,9.69,0x4b425628c947e20b3836d12fc57f11106fa78bfa6f7a976f5014ff6fd5ce5e8b,1743167447,2025-03-28 13:10:47+00:00
pudgypenguins,787,sale,,ethereum,,1740965771,2025-03-03T01:36:11+00:00Z,1,0x29469395eaf6f95920e59f858042f0e28d98a20b,0x72795f977a732047635282191fb704fa21968abf,9900000000000000000,0xc02aaa39b223fe8d0a0e5c4f27ead9083c756cc2,18,WETH,9.9,0xe47a73f041fdf3f23eb07b4b9db6473178d37e7ddb577c5bac0fcd7c20ae9e91,1740965771,2025-03-03 01:36:11+00:00
pudgypenguins,1036,sale,,ethereum,,1741663187,2025-03-11T03:19:47+00:00Z,1,0x29469395eaf6f95920e59f858042f0e28d98a20b,0x047b647f31d83d0c608c1571bb04a82f1d5962d4,8370000000000000000,0xc02aaa39b223fe8d0a0e5c4f27ead9083c756cc2,18,WETH,8.37,0xb2e738224b84d1531fec368eaf5ff685890eeaeb3529242abb95a104d56e4228,1741663187,2025-03-11 03:19:47+00:00
pudgypenguins,1036,sale,,ethereum,,1741653563,2025-03-11T00:39:23+00:00Z,1,0xaa4db8b2c85f1acc3ab33a678242b52a9d55a9e0,0x515a6c0e816f1096a5eaaf2b0516b9738c137c8c,8300000000000000000,0xc02aaa39b223fe8d0a0e5c4f27ead9083c756cc2,18,WETH,8.3,0x8fc56f3e9e5f4dc3b350185783bef32b0766ac438fc9f57c39141bc352acd1fc,1741653563,2025-03-11 00:39:23+00:00
pudgypenguins,1055,sale,,ethereum,,1743154247,2025-03-28T09:30:47+00:00Z,1,0x29469395eaf6f95920e59f858042f0e28d98a20b,0x1992a41693310eb9434b5e3ecb564f4739fcc677,9820000000000000000,0xc02aaa39b223fe8d0a0e5c4f27ead9083c756cc2,18,WETH,9.82,0xf02b86042879cb4a1f414edf64a69de30ef4816d7c030b8e143233ad2f3e25c3,1743154247,2025-03-28 09:30:47+00:00
pudgypenguins,1115,sale,,ethereum,,1741574771,2025-03-10T02:46:11+00:00Z,1,0x1ea27bce786a81022dfc156059771e8d3279a9a6,0x047b647f31d83d0c608c1571bb04a82f1d5962d4,9100000000000000000,0xc02aaa39b223fe8d0a0e5c4f27ead9083c756cc2,18,WETH,9.1,0x071ae8e74cdd6017df93204ce59c810b20eb996222b4335c485439883b4ae7d1,1741574771,2025-03-10 02:46:11+00:00
pudgypenguins,1115,sale,,ethereum,,1741574279,2025-03-10T02:37:59+00:00Z,1,0xc8787ad282dff186fc24622f1378a8ff956a328a,0x1ea27bce786a81022dfc156059771e8d3279a9a6,9110000000000000000,0xc02aaa39b223fe8d0a0e5c4f27ead9083c756cc2,18,WETH,9.11,0x2d8786cf2d185e9f97a4140c131fdeba5c67f41a7122ecc45ab9362e1d617d68,1741574279,2025-03-10 02:37:59+00:00
pudgypenguins,1349,sale,,ethereum,,1742484959,2025-03-20T15:35:59+00:00Z,1,0x1fee3385b22d69e93209db2042be58fcac57b59b,0x29469395eaf6f95920e59f858042f0e28d98a20b,10159000000000000000,0x0000000000000000000000000000000000000000,18,ETH,10.159,0xbbeb8dd259423002878e694b3bea4a46bc66fc80a3c483335690e0f1eb2bed38,1742484959,2025-03-20 15:35:59+00:00
pudgypenguins,1349,sale,,ethereum,,1741434611,2025-03-08T11:50:11+00:00Z,1,0x3c03f4ca78c7ccc5622a07ed7a56f5d44a3c4e6a,0x1fee3385b22d69e93209db2042be58fcac57b59b,9610000000000000000,0xc02aaa39b223fe8d0a0e5c4f27ead9083c756cc2,18,WETH,9.61,0xf7d4e3a55dba324f992a59cf30ae117c5d172cd5341cb2758916de80a1abce03,1741434611,2025-03-08 11:50:11+00:00
pudgypenguins,1396,sale,0xb8bade28b3d9332713e9d2434c7fb83355c016d54be9244f7c746564abefdbb1,ethereum,0x0000000000000068f116a894984e2db1123eb395,1742514539,2025-03-20T23:48:59+00:00Z,1,0x83e7322328d902940c490634396860d875e448c2,0x08727a193f4996c3eb5e32433217f5933a40209c,9600000000000000000,0xc02aaa39b223fe8d0a0e5c4f27ead9083c756cc2,18,WETH,9.6,0x8678d62222562c52023e4b91fe168cc407e3c1c065c8d565227a612e9035bde5,1742514539,2025-03-20 23:48:59+00:00
pudgypenguins,1396,sale,,ethereum,,1741167611,2025-03-05T09:40:11+00:00Z,1,0xf7a0153f7a1c9bd7abf9934cb09a2643859642df,0x1ea27bce786a81022dfc156059771e8d3279a9a6,9380000000000000000,0xc02aaa39b223fe8d0a0e5c4f27ead9083c756cc2,18,WETH,9.38,0xd8a14afd8a9e83e173fab376da176abbdb5302b2d5312406f1fbcb55cf055237,1741167611,2025-03-05 09:40:11+00:00
pudgypenguins,1469,sale,,ethereum,,1741573823,2025-03-10T02:30:23+00:00Z,1,0x459845f759dfefe8e3a0b91a9bf220d93fc83e71,0xa1c6b7d556bb56408bb3991d29a5e574e10dfe48,9210000000000000000,0xc02aaa39b223fe8d0a0e5c4f27ead9083c756cc2,18,WETH,9.21,0x26192847a931e49fda2c030693e6ae4be124de8354f705a3de55415f75117abe,1741573823,2025-03-10 02:30:23+00:00
pudgypenguins,1469,sale,,ethereum,,1740885347,2025-03-02T03:15:47+00:00Z,1,0x516d8741f7a3ccf96f2c2e6516805913741beec3,0x459845f759dfefe8e3a0b91a9bf220d93fc83e71,9150000000000000000,0xc02aaa39b223fe8d0a0e5c4f27ead9083c756cc2,18,WETH,9.15,0x294c9c22f95c7d7fa50b05555b757258a26e956cc7af1779ca5d2b72393ccb92,1740885347,2025-03-02 03:15:47+00:00
pudgypenguins,1558,sale,,ethereum,,1743384755,2025-03-31T01:32:35+00:00Z,1,0xe250d225646297733eb81a595634acc968bfc77e,0x29469395eaf6f95920e59f858042f0e28d98a20b,9799000000000000000,0x0000000000000000000000000000000000000000,18,ETH,9.799,0x8d1e464ebca8f677073aa48f996afdbda70b886164ad657bda78da1c9e1987a4,1743384755,2025-03-31 01:32:35+00:00
pudgypenguins,1558,sale,0x10bd16fced0a45972968805c1f534c52ebc3c13866828de3e889dd25c941d859,ethereum,0x0000000000000068f116a894984e2db1123eb395,1743356507,2025-03-30T17:41:47+00:00Z,1,0x2463a7b933a50188ff83ab5c703fe6ef3a0449c5,0xe250d225646297733eb81a595634acc968bfc77e,9920000000000000000,0xc02aaa39b223fe8d0a0e5c4f27ead9083c756cc2,18,WETH,9.92,0x838b06bef1fef74fc19dc5d850443b49e0cbcf8c5c30dd1463df7321aa1e591a,1743356507,2025-03-30 17:41:47+00:00
pudgypenguins,1558,sale,,ethereum,,1742861843,2025-03-25T00:17:23+00:00Z,1,0x1992a41693310eb9434b5e3ecb564f4739fcc677,0x2463a7b933a50188ff83ab5c703fe6ef3a0449c5,10389999990000000000,0x0000000000000000000000000000000000000000,18,ETH,10.389999990000002,0x44af60e6fd76d2d6f387769d642965eda667cc8fec320766690cf30b248c2936,1742861843,2025-03-25 00:17:23+00:00
pudgypenguins,1558,sale,,ethereum,,1742859203,2025-03-24T23:33:23+00:00Z,1,0x83449c07c419944abc63d890b11c6095b9a260c7,0x1992a41693310eb9434b5e3ecb564f4739fcc677,10220000000000000000,0xc02aaa39b223fe8d0a0e5c4f27ead9083c756cc2,18,WETH,10.22,0x8d950b9e3f2151b675512019817e968e961b58059ccd118b495c6f07dcee842d,1742859203,2025-03-24 23:33:23+00:00
pudgypenguins,1810,sale,,ethereum,,1743248567,2025-03-29T11:42:47+00:00Z,1,0x29469395eaf6f95920e59f858042f0e28d98a20b,0x1ea27bce786a81022dfc156059771e8d3279a9a6,9800000000000000000,0xc02aaa39b223fe8d0a0e5c4f27ead9083c756cc2,18,WETH,9.8,0x1bc5c239ec48001d1150ad93004c9bfdf857fa554b794b6a4101e6f1b7f592a1,1743248567,2025-03-29 11:42:47+00:00
pudgypenguins,1810,sale,,ethereum,,1743045755,2025-03-27T03:22:35+00:00Z,1,0x1992a41693310eb9434b5e3ecb564f4739fcc677,0x29469395eaf6f95920e59f858042f0e28d98a20b,10299696770000034000,0x0000000000000000000000000000000000000000,18,ETH,10.299696770000034,0x906f0696b4897e0ca7bc62aa58605530fa203060df2ed803f0133c1f92871393,1743045755,2025-03-27 03:22:35+00:00
pudgypenguins,1810,sale,,ethereum,,1743028127,2025-03-26T22:28:47+00:00Z,1,0x29469395eaf6f95920e59f858042f0e28d98a20b,0x1992a41693310eb9434b5e3ecb564f4739fcc677,10150000000000000000,0xc02aaa39b223fe8d0a0e5c4f27ead9083c756cc2,18,WETH,10.15,0x4392f322f61a48b1a04345ddd5572d640280aff7a959a66a15bf49b2331a5348,1743028127,2025-03-26 22:28:47+00:00
pudgypenguins,1911,sale,,ethereum,,1742743163,2025-03-23T15:19:23+00:00Z,1,0x516d8741f7a3ccf96f2c2e6516805913741beec3,0x29469395eaf6f95920e59f858042f0e28d98a20b,10299000000000000000,0x0000000000000000000000000000000000000000,18,ETH,10.299,0xc0c5fc37ffb47ddc263bdb7717b2f9046b86c984605cc354cf83901563fc5bfe,1742743163,2025-03-23 15:19:23+00:00
pudgypenguins,1911,sale,0x1663758c504ffa18a2cbfc65714b3b2133e395deba4a6378d1e503a6ccf8ce89,ethereum,0x0000000000000068f116a894984e2db1123eb395,1742736395,2025-03-23T13:26:35+00:00Z,1,0x355062b5d0e324815290b96370e87607a71d613d,0x516d8741f7a3ccf96f2c2e6516805913741beec3,9860000000000000000,0x0000000000000000000000000000000000000000,18,ETH,9.86,0x3478168386554e3fc9b30d3e8a200846b9e1122b9bb476af215bec79adf73cc1,1742736395,2025-03-23 13:26:35+00:00
pudgypenguins,1911,sale,,ethereum,,1742615075,2025-03-22T03:44:35+00:00Z,1,0x29469395eaf6f95920e59f858042f0e28d98a20b,0x355062b5d0e324815290b96370e87607a71d613d,9740000000000000000,0xc02aaa39b223fe8d0a0e5c4f27ead9083c756cc2,18,WETH,9.74,0x3f5cb4e95796958bad69e2b51e61b1bcc97682b4dceb1ab023078258a82b49a6,1742615075,2025-03-22 03:44:35+00:00
pudgypenguins,1911,sale,,ethereum,,1741890551,2025-03-13T18:29:11+00:00Z,1,0x59e91333560e271cb8ffb53492ec8fb0da63b4ac,0x1ea27bce786a81022dfc156059771e8d3279a9a6,8700000000000000000,0xc02aaa39b223fe8d0a0e5c4f27ead9083c756cc2,18,WETH,8.7,0x783eb3a34f492ef27dc70ddf6dd17374b05613c7ee3981381f9962f2bc58e154,1741890551,2025-03-13 18:29:11+00:00
pudgypenguins,2045,sale,0xf8e7b2968dbded9d9db1fc83ca0fa9cf270530eaa146626bafb101587a09fa59,ethereum,0x0000000000000068f116a894984e2db1123eb395,1743435887,2025-03-31T15:44:47+00:00Z,1,0x695e3f23728b3c5e9e714b1fc6f7655cda08cf4c,0xf15c93562bc3944a68e938ef75d2a3360d98ca57,9760000000000000000,0xc02aaa39b223fe8d0a0e5c4f27ead9083c756cc2,18,WETH,9.76,0x9691d49dc421adf3b9b4651b6d6bad0cb6b97f45fbb0a064e6b07854084855c8,1743435887,2025-03-31 15:44:47+00:00
pudgypenguins,2310,sale,,ethereum,,1742591639,2025-03-21T21:13:59+00:00Z,1,0x400f2bd92098c386cea677d6e7f832eb25c6e3cf,0x29469395eaf6f95920e59f858042f0e28d98a20b,9660000000000000000,0x0000000000000000000000000000000000000000,18,ETH,9.66,0x24eceecce7001ff57f02dd0fc374d8cfa8685e0c5ae56667da911f32f43be842,1742591639,2025-03-21 21:13:59+00:00
pudgypenguins,2310,sale,,ethereum,,1742407715,2025-03-19T18:08:35+00:00Z,1,0xd10173fdeec044a358a2fbd6d2268272983a4002,0x400f2bd92098c386cea677d6e7f832eb25c6e3cf,9160000000000000000,0xc02aaa39b223fe8d0a0e5c4f27ead9083c756cc2,18,WETH,9.16,0xf0a8d8ac385478a3200c8c4e63a5a1e5d0097df1f28a0481cacb90e83dd78c00,1742407715,2025-03-19 18:08:35+00:00
pudgypenguins,2310,sale,,ethereum,,1741597103,2025-03-10T08:58:23+00:00Z,1,0x29469395eaf6f95920e59f858042f0e28d98a20b,0x1ea27bce786a81022dfc156059771e8d3279a9a6,8960000000000000000,0xc02aaa39b223fe8d0a0e5c4f27ead9083c756cc2,18,WETH,8.96,0x2231203ffaa88f8dd78b9ba15456388be473d3ddf3e27938cb03072d11c9f38e,1741597103,2025-03-10 08:58:23+00:00
pudgypenguins,2310,sale,,ethereum,,1741586207,2025-03-10T05:56:47+00:00Z,1,0x29469395eaf6f95920e59f858042f0e28d98a20b,0x047b647f31d83d0c608c1571bb04a82f1d5962d4,9060000000000000000,0xc02aaa39b223fe8d0a0e5c4f27ead9083c756cc2,18,WETH,9.06,0xf5549d7f373013f1f4597aadb691d69637dc487df0c5b94487a76df4dc79fd59,1741586207,2025-03-10 05:56:47+00:00
pudgypenguins,2341,sale,,ethereum,,1743356615,2025-03-30T17:43:35+00:00Z,1,0x2777df13d272c9433858f5e1947b51e6a4720d60,0xa83abb8da5bf536f12be8b0500057476fdcc3e41,9900000000000000000,0xc02aaa39b223fe8d0a0e5c4f27ead9083c756cc2,18,WETH,9.9,0x80c023bd10dfa9f08b5bff83fdf2a2610e77ac92ca0712b38c12a1c9d44d694c,1743356615,2025-03-30 17:43:35+00:00
pudgypenguins,2341,sale,0x08f579774c07c0426fbd64e069f3c95571b43f8fdf04955d129d729829e7d256,ethereum,0x0000000000000068f116a894984e2db1123eb395,1743306107,2025-03-30T03:41:47+00:00Z,1,0x7e7022f8879d88bcc5d288b229737adb4b1f39cb,0x2777df13d272c9433858f5e1947b51e6a4720d60,9779900000000000000,0x0000000000000000000000000000000000000000,18,ETH,9.7799,0x89924018048a73abd5035b61deefe729da5cb5b9420f84ce5e1456ac364f99b4,1743306107,2025-03-30 03:41:47+00:00
pudgypenguins,2341,sale,0x7fa6c7ffa83e60922351f911255033d2485cd4a79b0cd400a9c2d25e79463c9b,ethereum,0x0000000000000068f116a894984e2db1123eb395,1743088235,2025-03-27T15:10:35+00:00Z,1,0xeb156caa9f0a48300f953b924f4632f39cc929c6,0x7e7022f8879d88bcc5d288b229737adb4b1f39cb,10270000000000000000,0xc02aaa39b223fe8d0a0e5c4f27ead9083c756cc2,18,WETH,10.27,0xd82eece8a1d9a742f564872428f75b6c60064515ce79e56a7adf6484f0c3b756,1743088235,2025-03-27 15:10:35+00:00
pudgypenguins,2567,sale,,ethereum,,1742926439,2025-03-25T18:13:59+00:00Z,1,0xa83abb8da5bf536f12be8b0500057476fdcc3e41,0x29469395eaf6f95920e59f858042f0e28d98a20b,10400000000000000000,0x0000000000000000000000000000000000000000,18,ETH,10.4,0xe811fbdc7daafb13223c45e6aed5b272a7e0e5cbc3e2e8eca8d83de49b54f54b,1742926439,2025-03-25 18:13:59+00:00
pudgypenguins,2567,sale,,ethereum,,1742889443,2025-03-25T07:57:23+00:00Z,1,0xf0b3ed341884f2383d76badf024f314e12c9a745,0xa83abb8da5bf536f12be8b0500057476fdcc3e41,10150000000000000000,0xc02aaa39b223fe8d0a0e5c4f27ead9083c756cc2,18,WETH,10.15,0x4fba2eab7874a64af86eabd21fe1dfc185858f5b23193d071e18aab8c67fc589,1742889443,2025-03-25 07:57:23+00:00
pudgypenguins,2567,sale,,ethereum,,1742301035,2025-03-18T12:30:35+00:00Z,1,0x1992a41693310eb9434b5e3ecb564f4739fcc677,0x29469395eaf6f95920e59f858042f0e28d98a20b,9000000000000000000,0xc02aaa39b223fe8d0a0e5c4f27ead9083c756cc2,18,WETH,9.0,0x6ddb6952e4153e5d2e519e7b72ffc59b46adb4b36e49095d4bfad081155ddf9f,1742301035,2025-03-18 12:30:35+00:00
pudgypenguins,2567,sale,,ethereum,,1742258711,2025-03-18T00:45:11+00:00Z,1,0xd10173fdeec044a358a2fbd6d2268272983a4002,0x1992a41693310eb9434b5e3ecb564f4739fcc677,9000000000000000000,0xc02aaa39b223fe8d0a0e5c4f27ead9083c756cc2,18,WETH,9.0,0x2dc5dd31659e14a9c8522fb74f667bc0a31bc14643e7d41b5d3f83141cd00eb7,1742258711,2025-03-18 00:45:11+00:00
pudgypenguins,2567,sale,,ethereum,,1741829171,2025-03-13T01:26:11+00:00Z,1,0x1fee3385b22d69e93209db2042be58fcac57b59b,0xd10173fdeec044a358a2fbd6d2268272983a4002,8799221700000352000,0x0000000000000000000000000000000000000000,18,ETH,8.799221700000352,0xb44d91902faf45c9b7273d0c7fb84c99774216815411a236313b9e0b8803fa31,1741829171,2025-03-13 01:26:11+00:00
pudgypenguins,2567,sale,0x4f0e748ec117a31c092ce36f7ba8598ff1b2dc1fc2b9094428df00db3f408c87,ethereum,0x0000000000000068f116a894984e2db1123eb395,1741802171,2025-03-12T17:56:11+00:00Z,1,0x69734444a9c9954c21d83b5f062802909dc5112b,0x1fee3385b22d69e93209db2042be58fcac57b59b,8760000000000000000,0xc02aaa39b223fe8d0a0e5c4f27ead9083c756cc2,18,WETH,8.76,0x0908991d4445408d08a2628b360d540ce848ffa435d2291ab04f49d38ae1a2d6,1741802171,2025-03-12 17:56:11+00:00
pudgypenguins,2664,sale,,ethereum,,1743420671,2025-03-31T11:31:11+00:00Z,1,0x29469395eaf6f95920e59f858042f0e28d98a20b,0x8a7d2a5fa5912e6feef47c8184d4e4ff56681f0c,9720000000000000000,0xc02aaa39b223fe8d0a0e5c4f27ead9083c756cc2,18,WETH,9.72,0x68ba7e2c2ffb9fc13145a136ea77f405401089bf1aada8c7048c4dec1bd7e08a,1743420671,2025-03-31 11:31:11+00:00
pudgypenguins,2664,sale,,ethereum,,1743414311,2025-03-31T09:45:11+00:00Z,1,0x29469395eaf6f95920e59f858042f0e28d98a20b,0x1ea27bce786a81022dfc156059771e8d3279a9a6,9800000000000000000,0xc02aaa39b223fe8d0a0e5c4f27ead9083c756cc2,18,WETH,9.8,0xb13520cb55a26686e9ef481c6a5f098cffaa5e3f4cc327549e79939ea6ed16e2,1743414311,2025-03-31 09:45:11+00:00
pudgypenguins,2703,sale,0x02feb7e2405e8f2d681eeb55104e7eca900ab5287dcf75b5546dc90623c3de97,ethereum,0x0000000000000068f116a894984e2db1123eb395,1743146363,2025-03-28T07:19:23+00:00Z,1,0x26da8b7c03698371aecb4307b7de31068dbcab1d,0xf15c93562bc3944a68e938ef75d2a3360d98ca57,9900000000000000000,0xc02aaa39b223fe8d0a0e5c4f27ead9083c756cc2,18,WETH,9.9,0x4b3c597905312f793a746b825c94cedc4a8178d66b0b1e75a40f5189a7187539,1743146363,2025-03-28 07:19:23+00:00
pudgypenguins,2738,sale,,ethereum,,1741026575,2025-03-03T18:29:35+00:00Z,1,0x516d8741f7a3ccf96f2c2e6516805913741beec3,0x29469395eaf6f95920e59f858042f0e28d98a20b,9779000000000000000,0xc02aaa39b223fe8d0a0e5c4f27ead9083c756cc2,18,WETH,9.779,0xe05f268f7e02c480038ad6abb67b95a9dcbcba9eca8e39949cf9ed7876cc4b58,1741026575,2025-03-03 18:29:35+00:00
pudgypenguins,2738,sale,,ethereum,,1741018559,2025-03-03T16:15:59+00:00Z,1,0x29469395eaf6f95920e59f858042f0e28d98a20b,0x516d8741f7a3ccf96f2c2e6516805913741beec3,9700000000000000000,0xc02aaa39b223fe8d0a0e5c4f27ead9083c756cc2,18,WETH,9.7,0x19cc2e81c40469fbcf0caae8c0b882b01f25b88b9f358f76dc8ec4fb44d0dfef,1741018559,2025-03-03 16:15:59+00:00
pudgypenguins,3184,sale,,ethereum,,1743444311,2025-03-31T18:05:11+00:00Z,1,0x1ea27bce786a81022dfc156059771e8d3279a9a6,0x7739a73c773a9c0c46c2afbbdc9a8573d185a15b,9880000000000000000,0xc02aaa39b223fe8d0a0e5c4f27ead9083c756cc2,18,WETH,9.88,0x03c881cf011de7e8fc09bce3768191c7e29f74fea18718e1fa3a663be5142262,1743444311,2025-03-31 18:05:11+00:00
pudgypenguins,3184,sale,,ethereum,,1743444023,2025-03-31T18:00:23+00:00Z,1,0x2777df13d272c9433858f5e1947b51e6a4720d60,0x1ea27bce786a81022dfc156059771e8d3279a9a6,9880000000000000000,0xc02aaa39b223fe8d0a0e5c4f27ead9083c756cc2,18,WETH,9.88,0x755b741367e5006f86d88976f8017d7e44eb681f8d77a1e837ce57af0ddaee56,1743444023,2025-03-31 18:00:23+00:00
pudgypenguins,3184,sale,0x14ee905e407ded61704883cbd45a6585ef19eb4ce59830ea2a2b4d1fda1a18f5,ethereum,0x0000000000000068f116a894984e2db1123eb395,1743388919,2025-03-31T02:41:59+00:00Z,1,0xe871af6576396c553e16c2e3a9fa130d36798cfa,0x2777df13d272c9433858f5e1947b51e6a4720d60,9800000000000000000,0x0000000000000000000000000000000000000000,18,ETH,9.8,0x88175594912ca5d9252dcdfc03217726e591d37b296373d31962a17000e1928e,1743388919,2025-03-31 02:41:59+00:00
pudgypenguins,3184,sale,,ethereum,,1741703219,2025-03-11T14:26:59+00:00Z,1,0xa1c6b7d556bb56408bb3991d29a5e574e10dfe48,0xe871af6576396c553e16c2e3a9fa130d36798cfa,8764550000000000000,0x0000000000000000000000000000000000000000,18,ETH,8.76455,0xe30ccc0e454f7a1bd7476bf702956746bf5729afd59296b457adb434797723db,1741703219,2025-03-11 14:26:59+00:00
pudgypenguins,3184,sale,,ethereum,,1741653563,2025-03-11T00:39:23+00:00Z,1,0xaa4db8b2c85f1acc3ab33a678242b52a9d55a9e0,0xa1c6b7d556bb56408bb3991d29a5e574e10dfe48,8620000000000000000,0xc02aaa39b223fe8d0a0e5c4f27ead9083c756cc2,18,WETH,8.62,0x8fc56f3e9e5f4dc3b350185783bef32b0766ac438fc9f57c39141bc352acd1fc,1741653563,2025-03-11 00:39:23+00:00
pudgypenguins,3193,sale,0xd315576ace6ca32a1fc399c9a349aa9c42c714864bd27eb7bbf528320b70752e,ethereum,0x0000000000000068f116a894984e2db1123eb395,1742600891,2025-03-21T23:48:11+00:00Z,1,0xa8c61ac44459438cc507a374e4d795bf02dd55ba,0x4ce0f96c459df322df68f393569549d5a54a1929,9750000000000000000,0x0000000000000000000000000000000000000000,18,ETH,9.75,0xd6c5c9c3e9089c5d50da908cf386902342e171d23bf02e3b94543eab8a73ff98,1742600891,2025-03-21 23:48:11+00:00
pudgypenguins,3308,sale,,ethereum,,1743458519,2025-03-31T22:01:59+00:00Z,1,0x8909e6f8adfbdf105625bc444b541a230103d98e,0x1d170ef19ecc3106c9c091e3d251929ead84ec2d,9998000000000000000,0xc02aaa39b223fe8d0a0e5c4f27ead9083c756cc2,18,WETH,9.998,0x8651122f91a9a07412e934cb6fa61d34349b10918cc73bf75c66dcc74d3c666b,1743458519,2025-03-31 22:01:59+00:00
pudgypenguins,3308,sale,,ethereum,,1741018487,2025-03-03T16:14:47+00:00Z,1,0x29469395eaf6f95920e59f858042f0e28d98a20b,0x8909e6f8adfbdf105625bc444b541a230103d98e,9710000000000000000,0xc02aaa39b223fe8d0a0e5c4f27ead9083c756cc2,18,WETH,9.71,0x165b5db545a77a814b3465d9aaad1a6e37ea19e8a0cb3cb28fa25d90f32a8a2d,1741018487,2025-03-03 16:14:47+00:00
pudgypenguins,3308,sale,,ethereum,,1740932855,2025-03-02T16:27:35+00:00Z,1,0xe4ae63c74cba2263842fb187bbac793fe60b2069,0x4dd6ed4d4ae27462cf9ebcd97a274dde33365e38,9500000000000000000,0x0000000000000000000000000000000000000000,18,ETH,9.5,0x967a5f3be998f47580f7c1915b7a889819b0e3a12e464a4c5b7c3833e0f961e0,1740932855,2025-03-02 16:27:35+00:00
pudgypenguins,3382,sale,,ethereum,,1743155171,2025-03-28T09:46:11+00:00Z,1,0x331bb346f8e97870d24dc17cd83de95f7b546959,0x4d8856858b2381d1a01650c53de1ca573160309e,9670000000000000000,0xc02aaa39b223fe8d0a0e5c4f27ead9083c756cc2,18,WETH,9.67,0xbc91939fcc5b239f9e31a17db33e03f5628f9812dfe96edac15df897a1dfe866,1743155171,2025-03-28 09:46:11+00:00
pudgypenguins,3382,sale,,ethereum,,1741653563,2025-03-11T00:39:23+00:00Z,1,0xaa4db8b2c85f1acc3ab33a678242b52a9d55a9e0,0x08476da7fa9f54c8e931a4ab185d18f2caa76b4b,8310000000000000000,0xc02aaa39b223fe8d0a0e5c4f27ead9083c756cc2,18,WETH,8.31,0x8fc56f3e9e5f4dc3b350185783bef32b0766ac438fc9f57c39141bc352acd1fc,1741653563,2025-03-11 00:39:23+00:00
pudgypenguins,3593,sale,,ethereum,,1741867499,2025-03-13T12:04:59+00:00Z,1,0x7fca4dc9cd1b28aa014903b742776ef36034fece,0x29469395eaf6f95920e59f858042f0e28d98a20b,8890000000000000000,0x0000000000000000000000000000000000000000,18,ETH,8.89,0x1963b8de4ed3324d42acfe155c0c79377e5d4342ab2f793cd9a5776a34604056,1741867499,2025-03-13 12:04:59+00:00
pudgypenguins,3593,sale,,ethereum,,1741809695,2025-03-12T20:01:35+00:00Z,1,0xa171759d8386222e05f997b04a46117f9d41846d,0x7fca4dc9cd1b28aa014903b742776ef36034fece,8760000000000000000,0xc02aaa39b223fe8d0a0e5c4f27ead9083c756cc2,18,WETH,8.76,0x91eb1ce3b7e78b0fdae54cb8cb4287148758bcb7304cb26f28794c8f43591654,1741809695,2025-03-12 20:01:35+00:00
pudgypenguins,3593,sale,,ethereum,,1741388195,2025-03-07T22:56:35+00:00Z,1,0xaa4833eb0e17b0592f8a1f7b5dc90c9996d3e03c,0x400f2bd92098c386cea677d6e7f832eb25c6e3cf,9520000000000000000,0xc02aaa39b223fe8d0a0e5c4f27ead9083c756cc2,18,WETH,9.52,0x5a2920f516224b9afc4a0d7725e5bd2c969595f013f01e2c546d6b52ed6a4211,1741388195,2025-03-07 22:56:35+00:00
pudgypenguins,3843,sale,,ethereum,,1743154247,2025-03-28T09:30:47+00:00Z,1,0x29469395eaf6f95920e59f858042f0e28d98a20b,0x1992a41693310eb9434b5e3ecb564f4739fcc677,9820000000000000000,0xc02aaa39b223fe8d0a0e5c4f27ead9083c756cc2,18,WETH,9.82,0x18671e080a2493173d5b9646da8643e9194fef23f73a70ea70f287eb3c2b4dc1,1743154247,2025-03-28 09:30:47+00:00
pudgypenguins,4010,sale,,ethereum,,1743414311,2025-03-31T09:45:11+00:00Z,1,0x29469395eaf6f95920e59f858042f0e28d98a20b,0x1ea27bce786a81022dfc156059771e8d3279a9a6,9800000000000000000,0xc02aaa39b223fe8d0a0e5c4f27ead9083c756cc2,18,WETH,9.8,0xb86edd8eae1843ac3ff44c7e09e166f8d283603dda8b399593fe37238247eb09,1743414311,2025-03-31 09:45:11+00:00
pudgypenguins,4378,sale,,ethereum,,1741234367,2025-03-06T04:12:47+00:00Z,1,0x29469395eaf6f95920e59f858042f0e28d98a20b,0x047b647f31d83d0c608c1571bb04a82f1d5962d4,9510000000000000000,0xc02aaa39b223fe8d0a0e5c4f27ead9083c756cc2,18,WETH,9.51,0x5d3ea0ab8ff544ed8b0a8d250edc7b3e3a3c918a96efda76732f54814a6ee002,1741234367,2025-03-06 04:12:47+00:00
pudgypenguins,4378,sale,,ethereum,,1741225823,2025-03-06T01:50:23+00:00Z,1,0xc8787ad282dff186fc24622f1378a8ff956a328a,0x1ea27bce786a81022dfc156059771e8d3279a9a6,9520000000000000000,0xc02aaa39b223fe8d0a0e5c4f27ead9083c756cc2,18,WETH,9.52,0xa4175dbeeb6912bdee4f48678c2811041da71bdf703c1ed6261d835de8541e64,1741225823,2025-03-06 01:50:23+00:00
pudgypenguins,4480,sale,,ethereum,,1742743043,2025-03-23T15:17:23+00:00Z,1,0xc762a153c562f7013222d7fc42f5afb3f76b4e94,0x29469395eaf6f95920e59f858042f0e28d98a20b,10190000000000000000,0x0000000000000000000000000000000000000000,18,ETH,10.19,0x5cd7622c5d954591e7ca2e07550981c551a88ec9a3b1296303d358071cd0283d,1742743043,2025-03-23 15:17:23+00:00
pudgypenguins,4871,sale,,ethereum,,1743148175,2025-03-28T07:49:35+00:00Z,1,0x4eb8b848242c9ca30c104215badbb20c26fa6fd7,0x4d8856858b2381d1a01650c53de1ca573160309e,9830000000000000000,0xc02aaa39b223fe8d0a0e5c4f27ead9083c756cc2,18,WETH,9.83,0xa54513cd64ace515131636f6b90da31350e990e60fd2dee091e9332f24feedf2,1743148175,2025-03-28 07:49:35+00:00
pudgypenguins,4871,sale,,ethereum,,1742485187,2025-03-20T15:39:47+00:00Z,1,0x1fee3385b22d69e93209db2042be58fcac57b59b,0x4eb8b848242c9ca30c104215badbb20c26fa6fd7,10279998700000000000,0xc02aaa39b223fe8d0a0e5c4f27ead9083c756cc2,18,WETH,10.2799987,0xc394e857cd1ba16dd2b324ab3ad16fa25954573bedad418739dd6ddf73a5c03c,1742485187,2025-03-20 15:39:47+00:00
pudgypenguins,4871,sale,0xc8d225be4e5a179c87d06b85a754894264e69f17c252be796a7094f541cbb026,ethereum,0x0000000000000068f116a894984e2db1123eb395,1742485067,2025-03-20T15:37:47+00:00Z,1,0x89995a0f98453b9b0442e5095297013f714b0c8e,0x1fee3385b22d69e93209db2042be58fcac57b59b,10050000000000000000,0x0000000000000000000000000000000000000000,18,ETH,10.05,0x43b03ae8c2ed2b98dc77aade7a5847a4ba4d0379c07ccdb0e81ac00633ff9b6c,1742485067,2025-03-20 15:37:47+00:00
pudgypenguins,5162,sale,,ethereum,,1741069895,2025-03-04T06:31:35+00:00Z,1,0x5b468edb7688e9ae6c1fa5a6d2debbef06e92907,0x29469395eaf6f95920e59f858042f0e28d98a20b,9459912100000000000,0x0000000000000000000000000000000000000000,18,ETH,9.4599121,0x31d279584993e43bfae7ba5cf2e312a77243468a0466a51f63a5bc776fca454a,1741069895,2025-03-04 06:31:35+00:00
pudgypenguins,5162,sale,0x7a2a749f33274b9fc6c5748544291d612c71928a3c467b480f3874bf29b1354c,ethereum,0x0000000000000068f116a894984e2db1123eb395,1741052591,2025-03-04T01:43:11+00:00Z,1,0x645270099fbc25370e107bc409a9f0435e5d3eda,0x5b468edb7688e9ae6c1fa5a6d2debbef06e92907,9430000000000000000,0xc02aaa39b223fe8d0a0e5c4f27ead9083c756cc2,18,WETH,9.43,0x62c328ef79ef2491dfc82de3119ee67ed0722e6a4db10bf7356fc28736145e66,1741052591,2025-03-04 01:43:11+00:00
pudgypenguins,5270,sale,,ethereum,,1741083635,2025-03-04T10:20:35+00:00Z,1,0x37cca6f46d4caad80b0f72f9f2900c5f0d7d4fc4,0xb65b4fd4dcb639b400fbd3d0ee5d272b5e49c2a8,9250000000000000000,0xc02aaa39b223fe8d0a0e5c4f27ead9083c756cc2,18,WETH,9.25,0xbfde95cfdb3e017863658a678fafca62ee3291af7eafa5ddc45e28782fcab0f3,1741083635,2025-03-04 10:20:35+00:00
pudgypenguins,5568,sale,,ethereum,,1742998967,2025-03-26T14:22:47+00:00Z,1,0x8d92e23f02537aae5c15cff983090de3eb6cdfe4,0x29469395eaf6f95920e59f858042f0e28d98a20b,10600000000000000000,0x0000000000000000000000000000000000000000,18,ETH,10.6,0x1962dd6152708d5ca42b0843eee4bbedc725301cdaecb047aafd0913994df59c,1742998967,2025-03-26 14:22:47+00:00
pudgypenguins,5568,sale,,ethereum,,1742735699,2025-03-23T13:14:59+00:00Z,1,0x3784f3d7cf80309c240ee8b78de8d32b7a9163fd,0x8d92e23f02537aae5c15cff983090de3eb6cdfe4,10000000000000000000,0x0000000000000000000000000000000000000000,18,ETH,10.0,0x03df5b70f8743d0e8f829917b6b16677349b8a998f693e198577a09edfad36c4,1742735699,2025-03-23 13:14:59+00:00
pudgypenguins,5943,sale,,ethereum,,1742772935,2025-03-23T23:35:35+00:00Z,1,0xeb79f3b9836e14678abdb862aabfc171341b3199,0x41da61a05e34acfec1455709ab8e3b0daf650c2c,9910000000000000000,0xc02aaa39b223fe8d0a0e5c4f27ead9083c756cc2,18,WETH,9.91,0xd9290e9f3dd0ead2719b806db6ff23ebf3c61ea4925baaf577282c50727b4256,1742772935,2025-03-23 23:35:35+00:00
pudgypenguins,5943,sale,0xf2ce868d64804e411bfe930eefd61e98ddb86260bf638bf765187f87d62430ac,ethereum,0x0000000000000068f116a894984e2db1123eb395,1742772923,2025-03-23T23:35:23+00:00Z,1,0xa6a09372a77310ae97593628e2dd6102c208f1cf,0xeb79f3b9836e14678abdb862aabfc171341b3199,9890000000000000000,0xc02aaa39b223fe8d0a0e5c4f27ead9083c756cc2,18,WETH,9.89,0x3a2c060ae5fab40bd5bf2160c8c8707a42eef279afefc1d6247895e2f5da6df3,1742772923,2025-03-23 23:35:23+00:00
pudgypenguins,5943,sale,,ethereum,,1741633067,2025-03-10T18:57:47+00:00Z,1,0x4eb8b848242c9ca30c104215badbb20c26fa6fd7,0x7fe04fbcbff289cab8b0f2bb305c945f2d36cc0b,8710000000000000000,0xc02aaa39b223fe8d0a0e5c4f27ead9083c756cc2,18,WETH,8.71,0x6e1a3fd25d1dc2b30411492a836441e86e903e201d983581c5363cd298950cd7,1741633067,2025-03-10 18:57:47+00:00
pudgypenguins,5943,sale,,ethereum,,1740940607,2025-03-02T18:36:47+00:00Z,1,0x1fee3385b22d69e93209db2042be58fcac57b59b,0x4eb8b848242c9ca30c104215badbb20c26fa6fd7,10159000000000000000,0x0000000000000000000000000000000000000000,18,ETH,10.159,0xc0c302db51c8eda90e80cc914068c15326e83292cb4caa93a6dac2c6057b1302,1740940607,2025-03-02 18:36:47+00:00
pudgypenguins,5943,sale,0x472e568913e7cd1f460f4f457bdb64329339e06b8cbac24495ce4a4330d3d7b1,ethereum,0x0000000000000068f116a894984e2db1123eb395,1740934451,2025-03-02T16:54:11+00:00Z,1,0x2e58a02d7ed7e2ade207fcdfc8f1dc8e7fdeb94f,0x1fee3385b22d69e93209db2042be58fcac57b59b,9390000000000000000,0xc02aaa39b223fe8d0a0e5c4f27ead9083c756cc2,18,WETH,9.39,0x62e179f9f98d4c092f82b844af488f0c3c1938f3cce9ef897ee1cbf54b27cdd8,1740934451,2025-03-02 16:54:11+00:00
pudgypenguins,5977,sale,,ethereum,,1743434255,2025-03-31T15:17:35+00:00Z,1,0x7739a73c773a9c0c46c2afbbdc9a8573d185a15b,0x29469395eaf6f95920e59f858042f0e28d98a20b,9898999000000000000,0xc02aaa39b223fe8d0a0e5c4f27ead9083c756cc2,18,WETH,9.898999,0xa7e695c8f3258f677692799f7fe7bc76671114c941183adb2c98ae3082b942e1,1743434255,2025-03-31 15:17:35+00:00
pudgypenguins,5977,sale,,ethereum,,1743356591,2025-03-30T17:43:11+00:00Z,1,0xeaaa29c4c516835645321e6f9d610b49533de3c2,0x7739a73c773a9c0c46c2afbbdc9a8573d185a15b,9910000000000000000,0xc02aaa39b223fe8d0a0e5c4f27ead9083c756cc2,18,WETH,9.91,0xb15f7092aeff90adf3a0c68b12f100717a8c6916a974e92d94207e3180c84078,1743356591,2025-03-30 17:43:11+00:00
pudgypenguins,5977,sale,,ethereum,,1741052147,2025-03-04T01:35:47+00:00Z,1,0x8b977bccea80ee7c87cc61a7a8179c2a25de1ad8,0x1ea27bce786a81022dfc156059771e8d3279a9a6,9440000000000000000,0xc02aaa39b223fe8d0a0e5c4f27ead9083c756cc2,18,WETH,9.44,0xfd09212df798ac5f28179b39b53738d6656ae7312d6ffbd2f9500b846f14f921,1741052147,2025-03-04 01:35:47+00:00
pudgypenguins,5977,sale,0x35f6226175be3e33ae8b8716bc5a179b4e1dd657d321a9ff3119c16c33aac1be,ethereum,0x0000000000000068f116a894984e2db1123eb395,1740936899,2025-03-02T17:34:59+00:00Z,1,0x9de416ab881b322ee0b4c189c2de624090280cf2,0x1e88204a2e80456485b0dd1720fbd4078e182e3b,9599000000000000000,0x0000000000000000000000000000000000000000,18,ETH,9.599,0xeffeb9197a93266d14d1bc7edcc516443209c7cf30bda360c3733040f1e9d529,1740936899,2025-03-02 17:34:59+00:00
pudgypenguins,6048,sale,,ethereum,,1742485067,2025-03-20T15:37:47+00:00Z,1,0x7ccde43632b3287fda060719d802b2c4cb6f769b,0x29469395eaf6f95920e59f858042f0e28d98a20b,10250000000000000000,0xc02aaa39b223fe8d0a0e5c4f27ead9083c756cc2,18,WETH,10.25,0xd2e982ce767c29b08d0f07eb7236e143fcd541da307e0bb7fc6328749cfe023f,1742485067,2025-03-20 15:37:47+00:00
pudgypenguins,6048,sale,,ethereum,,1741299275,2025-03-06T22:14:35+00:00Z,1,0x1d170ef19ecc3106c9c091e3d251929ead84ec2d,0x29469395eaf6f95920e59f858042f0e28d98a20b,9799000000000000000,0x0000000000000000000000000000000000000000,18,ETH,9.799,0xd4384c42d5b9ffde18db52cad5ca42df61f778b6c916e6c74373cbb4569ee3a6,1741299275,2025-03-06 22:14:35+00:00
pudgypenguins,6048,sale,,ethereum,,1741055207,2025-03-04T02:26:47+00:00Z,1,0x29469395eaf6f95920e59f858042f0e28d98a20b,0x1fee3385b22d69e93209db2042be58fcac57b59b,9160000000000000000,0xc02aaa39b223fe8d0a0e5c4f27ead9083c756cc2,18,WETH,9.16,0x5a428e2ff50f7c13d6f5dc460f5f003aebfeef1570a3d85a09b0fefd14eab7e0,1741055207,2025-03-04 02:26:47+00:00
pudgypenguins,6260,sale,0x0ce01b10437db14d53eff14d9d38ce1a824752015fbbc82c3525ea666b0bcb77,ethereum,0x0000000000000068f116a894984e2db1123eb395,1743398411,2025-03-31T05:20:11+00:00Z,1,0xf15c93562bc3944a68e938ef75d2a3360d98ca57,0xadc889deee1f3f8b256cb8d09cb8c7cacfca2632,10199000000000000000,0x0000000000000000000000000000000000000000,18,ETH,10.199,0xeedcf3cc069ccd74f256bd7953feb1af678ed16e4d0b0befee18dc087115d7ec,1743398411,2025-03-31 05:20:11+00:00
pudgypenguins,6260,sale,0xb4f362f940bb4ebe7cebaa7347fec07dc598f566bbea49a109964ec5c78b14d7,ethereum,0x0000000000000068f116a894984e2db1123eb395,1743148559,2025-03-28T07:55:59+00:00Z,1,0x26da8b7c03698371aecb4307b7de31068dbcab1d,0xf15c93562bc3944a68e938ef75d2a3360d98ca57,10000000000000000000,0xc02aaa39b223fe8d0a0e5c4f27ead9083c756cc2,18,WETH,10.0,0x19febeab1186bccd3ab1f1ef613e91b5f1124a7b8a9907cf84645c2d6eb73ca6,1743148559,2025-03-28 07:55:59+00:00
pudgypenguins,6260,sale,,ethereum,,1743146195,2025-03-28T07:16:35+00:00Z,1,0x4f046178c16e696fd3c4d5978425c8f4af522061,0x26da8b7c03698371aecb4307b7de31068dbcab1d,9910000000000000000,0xc02aaa39b223fe8d0a0e5c4f27ead9083c756cc2,18,WETH,9.91,0x5bf030b0b89e83231c2833a7ba26caaed465a3c0ef222649d255138890dccb8c,1743146195,2025-03-28 07:16:35+00:00
pudgypenguins,6556,sale,,ethereum,,1741656155,2025-03-11T01:22:35+00:00Z,1,0xeaaa29c4c516835645321e6f9d610b49533de3c2,0xf7a0153f7a1c9bd7abf9934cb09a2643859642df,8569000000000000000,0x0000000000000000000000000000000000000000,18,ETH,8.569,0x9569ff88ca2b929a79dcd37cb2b8a3b7386b54125e677eff619e209bc0affee2,1741656155,2025-03-11 01:22:35+00:00
pudgypenguins,6556,sale,0xa68258b614e100b9f48c8767bc02d7505124d1ed4ef79611fa8ff1faef9a7461,ethereum,0x0000000000000068f116a894984e2db1123eb395,1740940055,2025-03-02T18:27:35+00:00Z,1,0xf15c93562bc3944a68e938ef75d2a3360d98ca57,0xeaaa29c4c516835645321e6f9d610b49533de3c2,9968000000000000000,0x0000000000000000000000000000000000000000,18,ETH,9.968,0xc053ad053d0a845d3d14ad5ea2f5d5bcfd2ee3c66f1b4721411364e674d12fb5,1740940055,2025-03-02 18:27:35+00:00
pudgypenguins,6739,sale,,ethereum,,1742536271,2025-03-21T05:51:11+00:00Z,1,0x29469395eaf6f95920e59f858042f0e28d98a20b,0xd43dfa9024096b0224adf6859e22fbc35ea2b21f,9450000000000000000,0xc02aaa39b223fe8d0a0e5c4f27ead9083c756cc2,18,WETH,9.45,0x96d604583a26f052576e6294980e724f147f05a3ad0e59f3d3f882baceabb535,1742536271,2025-03-21 05:51:11+00:00
pudgypenguins,6739,sale,,ethereum,,1741523027,2025-03-09T12:23:47+00:00Z,1,0x1992a41693310eb9434b5e3ecb564f4739fcc677,0x29469395eaf6f95920e59f858042f0e28d98a20b,9549844859999997000,0xc02aaa39b223fe8d0a0e5c4f27ead9083c756cc2,18,WETH,9.54984486,0xe8bf1813193c8fc3012c250ed23dfd0aac81ed6376161e5d319e4adbe768a5ab,1741523027,2025-03-09 12:23:47+00:00
pudgypenguins,6739,sale,,ethereum,,1741507223,2025-03-09T08:00:23+00:00Z,1,0x08727a193f4996c3eb5e32433217f5933a40209c,0x1992a41693310eb9434b5e3ecb564f4739fcc677,9340000000000000000,0xc02aaa39b223fe8d0a0e5c4f27ead9083c756cc2,18,WETH,9.34,0x55df39933c50721642d1dd1d5e7de4263d5acf61145696f6a067fdf3cdcc8ebe,1741507223,2025-03-09 08:00:23+00:00
pudgypenguins,6739,sale,0x3498e05265bd5f7179cc7b6c8ba9bfee2116f2a98aca8bf2c1437c80e62b1e8e,ethereum,0x0000000000000068f116a894984e2db1123eb395,1741200311,2025-03-05T18:45:11+00:00Z,1,0xfdf82846ad0bf80a0e7be59c1752c55e448aef25,0x08727a193f4996c3eb5e32433217f5933a40209c,9600000000000000000,0xc02aaa39b223fe8d0a0e5c4f27ead9083c756cc2,18,WETH,9.6,0x3ada3936463580a60ebd8fdb6a6b2de89c63eb0475f32570275774ee69607025,1741200311,2025-03-05 18:45:11+00:00
pudgypenguins,6739,sale,,ethereum,,1741200275,2025-03-05T18:44:35+00:00Z,1,0xae28ac81a65e7a430fa69ed9cd1c199ec7f63d30,0xfdf82846ad0bf80a0e7be59c1752c55e448aef25,9520000000000000000,0xc02aaa39b223fe8d0a0e5c4f27ead9083c756cc2,18,WETH,9.52,0x6606dad9288555b6ec63564420feb8db37af87748fb67a4c12754c2fbcfb4a6d,1741200275,2025-03-05 18:44:35+00:00
pudgypenguins,6739,sale,0x3370a899989c254e27bbc30193e954718fd307d4bce4cca8a108f4d749a11dd3,ethereum,0x0000000000000068f116a894984e2db1123eb395,1741046051,2025-03-03T23:54:11+00:00Z,1,0x92f188830481a1b8183ce0208889c551a927bf47,0xae28ac81a65e7a430fa69ed9cd1c199ec7f63d30,9500000000000000000,0xc02aaa39b223fe8d0a0e5c4f27ead9083c756cc2,18,WETH,9.5,0x5178b087cef91a89452973745a48638c53581d0498c1fd7a4b5126487a41cd8c,1741046051,2025-03-03 23:54:11+00:00
pudgypenguins,6896,sale,,ethereum,,1743088139,2025-03-27T15:08:59+00:00Z,1,0x83449c07c419944abc63d890b11c6095b9a260c7,0x1992a41693310eb9434b5e3ecb564f4739fcc677,10250000000000000000,0xc02aaa39b223fe8d0a0e5c4f27ead9083c756cc2,18,WETH,10.25,0x16fede6d03190b67050a9b78feb4bd256a4149709dda2dacb59bb67d2b09477d,1743088139,2025-03-27 15:08:59+00:00
pudgypenguins,7123,sale,,ethereum,,1741940087,2025-03-14T08:14:47+00:00Z,1,0x516d8741f7a3ccf96f2c2e6516805913741beec3,0x2609cd48217270e498243cfb776d912e91eda399,8670000000000000000,0xc02aaa39b223fe8d0a0e5c4f27ead9083c756cc2,18,WETH,8.67,0x5289de05b9787197c9dbb6085c028eda968e911e73078991ab3b78fa2779e376,1741940087,2025-03-14 08:14:47+00:00
pudgypenguins,7123,sale,,ethereum,,1741653563,2025-03-11T00:39:23+00:00Z,1,0xaa4db8b2c85f1acc3ab33a678242b52a9d55a9e0,0x1ea27bce786a81022dfc156059771e8d3279a9a6,8520000000000000000,0xc02aaa39b223fe8d0a0e5c4f27ead9083c756cc2,18,WETH,8.52,0x8fc56f3e9e5f4dc3b350185783bef32b0766ac438fc9f57c39141bc352acd1fc,1741653563,2025-03-11 00:39:23+00:00
pudgypenguins,7202,sale,,ethereum,,1741106291,2025-03-04T16:38:11+00:00Z,1,0x29469395eaf6f95920e59f858042f0e28d98a20b,0x1ea27bce786a81022dfc156059771e8d3279a9a6,9190000000000000000,0xc02aaa39b223fe8d0a0e5c4f27ead9083c756cc2,18,WETH,9.19,0x8a415a8c3feaa074d3b77b0ecdeebe6aab73f18183d5869643e3b63c4bb4303a,1741106291,2025-03-04 16:38:11+00:00
pudgypenguins,7443,sale,0x684649ffe2e096020c3117594736d00a9fbdd7767aef25d7fcd27638cf45aeb3,ethereum,0x0000000000000068f116a894984e2db1123eb395,1742514539,2025-03-20T23:48:59+00:00Z,1,0x83e7322328d902940c490634396860d875e448c2,0x4f7527a5abfd4c946cb1df410898b0f1fb3ab1e3,9600000000000000000,0xc02aaa39b223fe8d0a0e5c4f27ead9083c756cc2,18,WETH,9.6,0x8678d62222562c52023e4b91fe168cc407e3c1c065c8d565227a612e9035bde5,1742514539,2025-03-20 23:48:59+00:00
pudgypenguins,7474,sale,0x5e0b5c61a3ab0879212a78fb75a1a4f7e2a7798dd14a8676cce14fc942336299,ethereum,0x0000000000000068f116a894984e2db1123eb395,1741676087,2025-03-11T06:54:47+00:00Z,1,0xbcbdcb605d45d3ef692e2d342d1dc757361af8c3,0xe14ce3fed9646de2ff8f20306476c6cc0997fa17,9150000000000000000,0x0000000000000000000000000000000000000000,18,ETH,9.15,0xe2b0d7563de84840777c9d83025cef87d9f79b4cb126907558a05f48d0b12ec3,1741676087,2025-03-11 06:54:47+00:00
pudgypenguins,7542,sale,0xcbf59a73c7d7c2bf20fbedf955a1f137e22b33f10cf15b59bf4845dabb1615ef,ethereum,0x0000000000000068f116a894984e2db1123eb395,1742949659,2025-03-26T00:40:59+00:00Z,1,0x75775181080b3684cc3be770ba070d1ecc1ec50d,0xd6bee25dc10d353a9ce04ff3d2cfbd0f900e123e,10550000000000000000,0x0000000000000000000000000000000000000000,18,ETH,10.55,0x980c2e95f48460ced93db7410581e231853b79656742dd5727528b8f98b798f7,1742949659,2025-03-26 00:40:59+00:00
pudgypenguins,7542,sale,0x5db8595e715ba3fff8890ac51f832f60491927f97f42fde727c7d3841692a105,ethereum,0x0000000000000068f116a894984e2db1123eb395,1742673959,2025-03-22T20:05:59+00:00Z,1,0xe26e2ec8b6d8189ea0d2959002c6315c1e3c1244,0x75775181080b3684cc3be770ba070d1ecc1ec50d,9690000000000000000,0xc02aaa39b223fe8d0a0e5c4f27ead9083c756cc2,18,WETH,9.69,0xc5bb5e6f10f43ce7d5c5f948be8f9b11d4222270951dac6b28ce7527df1f549a,1742673959,2025-03-22 20:05:59+00:00
pudgypenguins,7636,sale,,ethereum,,1743045371,2025-03-27T03:16:11+00:00Z,1,0x1992a41693310eb9434b5e3ecb564f4739fcc677,0x29469395eaf6f95920e59f858042f0e28d98a20b,10299699040000030000,0x0000000000000000000000000000000000000000,18,ETH,10.29969904000003,0x3290851a990ef7c277a37ea15a7bdbd83ed0f87a84bb2cc514bad6b66147df4c,1743045371,2025-03-27 03:16:11+00:00
pudgypenguins,7636,sale,,ethereum,,1743017207,2025-03-26T19:26:47+00:00Z,1,0x29469395eaf6f95920e59f858042f0e28d98a20b,0x1992a41693310eb9434b5e3ecb564f4739fcc677,10190000000000000000,0xc02aaa39b223fe8d0a0e5c4f27ead9083c756cc2,18,WETH,10.19,0x154957904d759364d45c05421a4c6cdd670877126ec28686989a1ffccb414a72,1743017207,2025-03-26 19:26:47+00:00
pudgypenguins,7636,sale,,ethereum,,1742755559,2025-03-23T18:45:59+00:00Z,1,0x8909e6f8adfbdf105625bc444b541a230103d98e,0x41da61a05e34acfec1455709ab8e3b0daf650c2c,10160000000000000000,0xc02aaa39b223fe8d0a0e5c4f27ead9083c756cc2,18,WETH,10.16,0x630f523b30484e78621923f8d11b635a0c48972454d38df7e817fe89499296cb,1742755559,2025-03-23 18:45:59+00:00
pudgypenguins,7636,sale,0x7e513132798a35df537c7cde19c784cba28bb080b079dd9d62629f15d5574583,ethereum,0x0000000000000068f116a894984e2db1123eb395,1741724831,2025-03-11T20:27:11+00:00Z,1,0xdeb50f3eaa6e785e8715087b31ee62aa2800c3b9,0x8909e6f8adfbdf105625bc444b541a230103d98e,8740000000000000000,0x0000000000000000000000000000000000000000,18,ETH,8.74,0x7a5274791b556ad4913434bb6fd4baa3a5c0b21c62ef4f542c3b364d2c8c379b,1741724831,2025-03-11 20:27:11+00:00
pudgypenguins,7636,sale,0x9bc3f67d5502e6dcd436304cdc691368030858ca8c4ebca95ad95b6972181b1f,ethereum,0x0000000000000068f116a894984e2db1123eb395,1741106483,2025-03-04T16:41:23+00:00Z,1,0xfdf82846ad0bf80a0e7be59c1752c55e448aef25,0xdeb50f3eaa6e785e8715087b31ee62aa2800c3b9,9250000000000000000,0xc02aaa39b223fe8d0a0e5c4f27ead9083c756cc2,18,WETH,9.25,0xe2a1d456171a408c2769d0c8ce4d2ef63ed9de32e58722169b62fc377c360ecc,1741106483,2025-03-04 16:41:23+00:00
pudgypenguins,7636,sale,,ethereum,,1741106471,2025-03-04T16:41:11+00:00Z,1,0x29469395eaf6f95920e59f858042f0e28d98a20b,0xfdf82846ad0bf80a0e7be59c1752c55e448aef25,9150000000000000000,0xc02aaa39b223fe8d0a0e5c4f27ead9083c756cc2,18,WETH,9.15,0xb7d74b70183857d32eb68491af2b94f10cd4c95f2025e5267538a95168467737,1741106471,2025-03-04 16:41:11+00:00
pudgypenguins,7657,sale,,ethereum,,1741653671,2025-03-11T00:41:11+00:00Z,1,0xaa4db8b2c85f1acc3ab33a678242b52a9d55a9e0,0x7fe04fbcbff289cab8b0f2bb305c945f2d36cc0b,8290000000000000000,0xc02aaa39b223fe8d0a0e5c4f27ead9083c756cc2,18,WETH,8.29,0xdf8f34a79683f4887cc0c868e3ea499f2b97c3405b6011596bace26f576b6dd0,1741653671,2025-03-11 00:41:11+00:00
pudgypenguins,7751,sale,,ethereum,,1743097079,2025-03-27T17:37:59+00:00Z,1,0x400f2bd92098c386cea677d6e7f832eb25c6e3cf,0x1ea27bce786a81022dfc156059771e8d3279a9a6,10250000000000000000,0xc02aaa39b223fe8d0a0e5c4f27ead9083c756cc2,18,WETH,10.25,0x5b65b216598fa664ed330de75be31c75a2aa41140c3820a3edfbaed9d4ed70f3,1743097079,2025-03-27 17:37:59+00:00
pudgypenguins,7751,sale,,ethereum,,1743016403,2025-03-26T19:13:23+00:00Z,1,0x29469395eaf6f95920e59f858042f0e28d98a20b,0x400f2bd92098c386cea677d6e7f832eb25c6e3cf,10260000000000000000,0xc02aaa39b223fe8d0a0e5c4f27ead9083c756cc2,18,WETH,10.26,0x0a52f0220dbbb89d45fa00b0e29e698ec7ca5e2925192ab3b1dd4b4ccea3a3f4,1743016403,2025-03-26 19:13:23+00:00
pudgypenguins,7751,sale,,ethereum,,1742777663,2025-03-24T00:54:23+00:00Z,1,0x400f2bd92098c386cea677d6e7f832eb25c6e3cf,0x29469395eaf6f95920e59f858042f0e28d98a20b,10220000000000000000,0x0000000000000000000000000000000000000000,18,ETH,10.22,0xe0ab36d3dc353329725d03a9b899ba045be2923c2ccba9d40196d386048b9af3,1742777663,2025-03-24 00:54:23+00:00
pudgypenguins,7751,sale,,ethereum,,1742755595,2025-03-23T18:46:35+00:00Z,1,0x29469395eaf6f95920e59f858042f0e28d98a20b,0x400f2bd92098c386cea677d6e7f832eb25c6e3cf,10170000000000000000,0xc02aaa39b223fe8d0a0e5c4f27ead9083c756cc2,18,WETH,10.17,0xd03e3c483f4e42c711ba0efcdd0b407f9550c97bbdd7d144a4e7acf39bfe4908,1742755595,2025-03-23 18:46:35+00:00
pudgypenguins,7941,sale,,ethereum,,1743247931,2025-03-29T11:32:11+00:00Z,1,0x29469395eaf6f95920e59f858042f0e28d98a20b,0x8a7ee07d02bc719127a4fe37a643e8332c877904,9810000000000000000,0xc02aaa39b223fe8d0a0e5c4f27ead9083c756cc2,18,WETH,9.81,0x16cc5b75c6fa56abc871c743c506ca97e3f411c86ab38f920df1d115275da9b7,1743247931,2025-03-29 11:32:11+00:00
pudgypenguins,7941,sale,,ethereum,,1740905879,2025-03-02T08:57:59+00:00Z,1,0xe58856cfe0d82b10ade1898a99bf7fc6b0ef3f44,0x29469395eaf6f95920e59f858042f0e28d98a20b,9400000000000000000,0x0000000000000000000000000000000000000000,18,ETH,9.4,0x426ec907cd1e694577db55ddb2701b8cd968a2838914b6533e9e31166ed6de48,1740905879,2025-03-02 08:57:59+00:00
pudgypenguins,8104,sale,0xd9894fd3ece52792db0077702e8004a21a3a20b01666f14529c9c078d4c30775,ethereum,0x0000000000000068f116a894984e2db1123eb395,1741014023,2025-03-03T15:00:23+00:00Z,1,0x536a77f1431bc3e08c0e5a1cbc7ea285d8c24e26,0xca1ce636484216dc991ae1ab0b0b8f7cc6724a9a,10100000000000000000,0x0000000000000000000000000000000000000000,18,ETH,10.1,0x060dddda6f0446a83622198e6aa5dbed0a823fffb0ba10971abc7591817b54e0,1741014023,2025-03-03 15:00:23+00:00
pudgypenguins,8123,sale,,ethereum,,1742529383,2025-03-21T03:56:23+00:00Z,1,0x29469395eaf6f95920e59f858042f0e28d98a20b,0x2609cd48217270e498243cfb776d912e91eda399,9470000000000000000,0xc02aaa39b223fe8d0a0e5c4f27ead9083c756cc2,18,WETH,9.47,0x378c22cac244cff53016b154210f85585ead671ccf7e38bfceb5e63268a85396,1742529383,2025-03-21 03:56:23+00:00
pudgypenguins,8123,sale,0x5b3101352b9b635794fd8ba922038a6d30dd25f72e554db2387acee7d606ea91,ethereum,0x0000000000000068f116a894984e2db1123eb395,1741982447,2025-03-14T20:00:47+00:00Z,1,0xb88f079eed38f545241e6ecc1777015f7b26e03c,0xc77ec27e6ae82ead54894dffc7d3f3fe3a09246c,8880000000000000000,0x0000000000000000000000000000000000000000,18,ETH,8.88,0x2dbbae38d2210bf1698f708df4d380b1f4885bf48cf788b2a35104f67aeb3ffb,1741982447,2025-03-14 20:00:47+00:00
pudgypenguins,8333,sale,,ethereum,,1743134615,2025-03-28T04:03:35+00:00Z,1,0x5b468edb7688e9ae6c1fa5a6d2debbef06e92907,0x29469395eaf6f95920e59f858042f0e28d98a20b,10249999000000000000,0xc02aaa39b223fe8d0a0e5c4f27ead9083c756cc2,18,WETH,10.249999,0x5e3706c21fbc097d9123621ffe1b5f861ceec90a1b559b14799b035f818269d9,1743134615,2025-03-28 04:03:35+00:00
pudgypenguins,8333,sale,0x2d112b8e7687779b96eba9062576bc51c0f636e4242a6655066fc2bd277c57a8,ethereum,0x0000000000000068f116a894984e2db1123eb395,1743089495,2025-03-27T15:31:35+00:00Z,1,0xa6a09372a77310ae97593628e2dd6102c208f1cf,0x5b468edb7688e9ae6c1fa5a6d2debbef06e92907,10210000000000000000,0xc02aaa39b223fe8d0a0e5c4f27ead9083c756cc2,18,WETH,10.21,0x702f5f9f828903cd6379f6ab9c51e9116930bbfc90a153836be8179c0bfb81ce,1743089495,2025-03-27 15:31:35+00:00
pudgypenguins,8472,sale,,ethereum,,1742921879,2025-03-25T16:57:59+00:00Z,1,0x3da9677cd87b628e31a28973f12c78fff9ff2156,0x29469395eaf6f95920e59f858042f0e28d98a20b,10306000000000000000,0xc02aaa39b223fe8d0a0e5c4f27ead9083c756cc2,18,WETH,10.306,0xd17aade33454acd4ef9e79b1a3055bf87f89dcc3f310fee5db584f0bf7d08e7d,1742921879,2025-03-25 16:57:59+00:00
pudgypenguins,8472,sale,,ethereum,,1742772983,2025-03-23T23:36:23+00:00Z,1,0x1fee3385b22d69e93209db2042be58fcac57b59b,0x3da9677cd87b628e31a28973f12c78fff9ff2156,9900000000000000000,0xc02aaa39b223fe8d0a0e5c4f27ead9083c756cc2,18,WETH,9.9,0xc5d6b26fcc6b23ceca82bfd11bcd391e2bf5a4a8fd62fdec5375c444305fe05b,1742772983,2025-03-23 23:36:23+00:00
pudgypenguins,8472,sale,0xb60e2766db9813838f0563e37c7c6d3af6723d591356b6bc18f15b3ccd92a55c,ethereum,0x0000000000000068f116a894984e2db1123eb395,1742772923,2025-03-23T23:35:23+00:00Z,1,0xa6a09372a77310ae97593628e2dd6102c208f1cf,0x1fee3385b22d69e93209db2042be58fcac57b59b,9900000000000000000,0xc02aaa39b223fe8d0a0e5c4f27ead9083c756cc2,18,WETH,9.9,0x3a2c060ae5fab40bd5bf2160c8c8707a42eef279afefc1d6247895e2f5da6df3,1742772923,2025-03-23 23:35:23+00:00
pudgypenguins,8472,sale,,ethereum,,1741727663,2025-03-11T21:14:23+00:00Z,1,0xe33e31e143b15640e899750c45a7ab8ec04c56e5,0xa6a09372a77310ae97593628e2dd6102c208f1cf,8840000000000000000,0x0000000000000000000000000000000000000000,18,ETH,8.84,0x3d3edb4af04c158b354e4ca8b463d78640498970dd02065b280d15a6d41c7a13,1741727663,2025-03-11 21:14:23+00:00
pudgypenguins,8472,sale,,ethereum,,1741687019,2025-03-11T09:56:59+00:00Z,1,0x5b468edb7688e9ae6c1fa5a6d2debbef06e92907,0xe33e31e143b15640e899750c45a7ab8ec04c56e5,8549901200000000000,0x0000000000000000000000000000000000000000,18,ETH,8.5499012,0x62d978ab513d38581f0e08d539bee8201b912374c24ba3445f066450e31a4bf2,1741687019,2025-03-11 09:56:59+00:00
pudgypenguins,8472,sale,,ethereum,,1741660511,2025-03-11T02:35:11+00:00Z,1,0xff53e1da7b67ae676d7742f858aab5bd4bc937f6,0x5b468edb7688e9ae6c1fa5a6d2debbef06e92907,8600000000000000000,0x0000000000000000000000000000000000000000,18,ETH,8.6,0x57246f6e17a36a1b28f04a0cef2e27a3f7ff2c3f7c3c0b575df679697f32c5e4,1741660511,2025-03-11 02:35:11+00:00
pudgypenguins,8472,sale,,ethereum,,1741631891,2025-03-10T18:38:11+00:00Z,1,0x29469395eaf6f95920e59f858042f0e28d98a20b,0xff53e1da7b67ae676d7742f858aab5bd4bc937f6,8910000000000000000,0xc02aaa39b223fe8d0a0e5c4f27ead9083c756cc2,18,WETH,8.91,0x438db43d5041e9f37fcaabbd556a1952334deec74cb79862a1e888b993f21912,1741631891,2025-03-10 18:38:11+00:00
pudgypenguins,8472,sale,,ethereum,,1741538015,2025-03-09T16:33:35+00:00Z,1,0x737d7df82516a7acb93074b3ed6fa87cd731d9c1,0x4dd6ed4d4ae27462cf9ebcd97a274dde33365e38,9140000000000000000,0xc02aaa39b223fe8d0a0e5c4f27ead9083c756cc2,18,WETH,9.14,0x0d88f972bc67560970e656f2b1b9a53bc5235716424b03ea581d1607dd513c6f,1741538015,2025-03-09 16:33:35+00:00
pudgypenguins,8483,sale,,ethereum,,1741540811,2025-03-09T17:20:11+00:00Z,1,0x5b468edb7688e9ae6c1fa5a6d2debbef06e92907,0x29469395eaf6f95920e59f858042f0e28d98a20b,9318993400000000000,0x0000000000000000000000000000000000000000,18,ETH,9.3189934,0x863df194dc23dc5593f415275b36b99d2f93571c8a24e4a9e8168a36faaca541,1741540811,2025-03-09 17:20:11+00:00
pudgypenguins,8483,sale,0x2fefd07c9cdaf1f91376b8ef44c156ec212774c4e144419e5b19708d39bf0e72,ethereum,0x0000000000000068f116a894984e2db1123eb395,1741535363,2025-03-09T15:49:23+00:00Z,1,0x7b420c0be0519675c9feddaba38c1424ba5cf730,0x5b468edb7688e9ae6c1fa5a6d2debbef06e92907,9100000000000000000,0xc02aaa39b223fe8d0a0e5c4f27ead9083c756cc2,18,WETH,9.1,0xa791ad80497343e9f25257682f8dd8d801539acae7d76a6df4dbd336f46777d2,1741535363,2025-03-09 15:49:23+00:00
pudgypenguins,8586,sale,,ethereum,,1741595747,2025-03-10T08:35:47+00:00Z,1,0x1ea27bce786a81022dfc156059771e8d3279a9a6,0x047b647f31d83d0c608c1571bb04a82f1d5962d4,8950000000000000000,0xc02aaa39b223fe8d0a0e5c4f27ead9083c756cc2,18,WETH,8.95,0x4ad1240550eb2be57ed67e7cf122f5b2fb1fbcce8a267a930b1710ef1a22890d,1741595747,2025-03-10 08:35:47+00:00
pudgypenguins,8586,sale,,ethereum,,1741595663,2025-03-10T08:34:23+00:00Z,1,0xd04bc1bc3de12573f6f2f4cb746c66c4b272b27f,0x1ea27bce786a81022dfc156059771e8d3279a9a6,8950000000000000000,0xc02aaa39b223fe8d0a0e5c4f27ead9083c756cc2,18,WETH,8.95,0x25d355a2c86d4bc9f69b5b406ec72048c4b40fa6cd9156162e875597f84a43ec,1741595663,2025-03-10 08:34:23+00:00
